Workbook

Sheet Formato descripción HU
B3: Matriz de Marco de Trabajo de HU
B5: ITEM | C5: PROBLEMA | D5: QUE (NECESIDAD) | E5: PARA QUE (SOLUCIÓN) | F5: PARA QUIEN (USUARIO) | G5: COMO (DESCRIPCIÓN DE TAREAS) | H5: HECHO POR (PROG. RESP.) | I5: CUANTO TIEMPO (ESTIMADO EN HRS) | J5: FECHA DE ENTREGA | K5: PRIORIDAD | L5: STATUS | M5: PRUEBA (COMO SE VERIFICA) | N5: COMENTARIOS | O5: NOMBRE DE HISTORIA
B6: REQ001 | C6: El sistema actual de inventario carece de un control de acceso seguro. No existen perfiles individuales ni mecanismos para habilitar o deshabilitar accesos de administradores. | D6: El programa deberá implementar un sistema de reconocimiento exclusivo para administradores, con gestión de perfiles que pueda habilitar, crear o desactivar usuarios según los permisos asignados por el administrador en jefe. | E6: Garantizar la seguridad, y control de accesos dentro del sistema de inventario, evitando manipulaciones no autorizadas y mejorando la gestión administrativa por niveles. | F6: Administradores | G6: Mediante la implementación de un proceso de autenticación que valide las credenciales de los administradores antes de permitir el acceso. Este proceso deberá ofrecer herramientas para que el administrador general pueda registrar nuevos usuarios administrativos, actualizar información de perfiles existentes y deshabilitar aquellos que deban quedar sin acceso. Además, el sistema debe asegurar que todas estas acciones se ejecuten de forma segura y queden registradas para mantener un control confiable del acceso. | H6: César Herrera | I6: 8 | J6: 46066 | K6: Alta | L6: Terminado | M6: Verificar que solo administradores con credenciales válidas pueden acceder al sistema. Probar inicio de sesión con usuario y contraseña correctos, incorrectos y con un usuario deshabilitado (debe negar el acceso). Comprobar que el administrador general puede crear, editar y desactivar perfiles, y que dichas acciones quedan registradas en un historial (usuario, fecha, hora y acción). Confirmar que un usuario desactivado no puede volver a acceder ni realizar operaciones en el sistema. | O6: Roles administrativos
B7: REQ002 | C7: El sistema actual de inventario no posee una categorización adecuada para los productos (medicinas), dificultando su ordenamiento, búsqueda y gestión eficiente dentro del inventario. | D7: El programa deberá organizar los productos mediante categorías claras y filtros de búsqueda avanzados, para facilitar su consulta y administración. | E7: Para mejorar la velocidad, precisión y eficiencia en la gestión y localización de productos dentro del inventario. | F7: Administrador | G7: A través de un conjunto de funciones que permitan al administrador organizar los productos del inventario, creando y asignando categorías claras, así como modificarlas cuando sea necesario. Estas funciones también permitirán registrar nuevos productos, actualizar los datos de los existentes y aplicar filtros de búsqueda basados en criterios como nombre, categoría, precio, lote o disponibilidad. Todo este proceso facilitará una clasificación más precisa y una localización rápida de los artículos dentro del inventario. | H7: Matias Intriago | I7: 6 | J7: 45708 | K7: Media | L7: Terminado | M7: Para verificar este requisito, se comprobará que el sistema permita insertar, modificar, buscar y eliminar productos en la base de datos de manera correcta. Se evaluará que cada producto quede adecuadamente asociado a una categoría válida y que la organización de los elementos siga los criterios establecidos, como categoría, nombre, precio o stock. Además, se realizarán pruebas de búsqueda y filtrado utilizando diferentes combinaciones de datos, así como pruebas con distintos volúmenes de información para validar el rendimiento del sistema. Finalmente, se confirmará con el administrador que la categorización y los filtros cumplen con los requerimientos funcionales establecidos. | O7: Categorización de productos en el inventario
B8: REQ003 | C8: El sistema de inventario no cuenta con un mecanismo para identificar medicinas próximas a caducar o con stock mínimo, lo que genera pérdidas económicas y desabastecimiento en las sedes. | D8: El programa deberá registrar las fechas de caducidad y niveles mínimos de stock para cada medicina, y que le alerte cuando un producto esté por vencer o tenga inventario bajo. | E8: Para evitar pérdidas por productos vencidos, asegurar la disponibilidad adecuada de medicamentos y mejorar la gestión del inventario. | F8: Administradores | G8: Mediante un proceso de registro y seguimiento que permita al administrador ingresar y modificar la fecha de caducidad y el stock mínimo de cada medicina. La aplicación comparará estos datos con la información actual del inventario para identificar productos que estén próximos a vencer (por ejemplo, dentro de 30 días) o que presenten existencias por debajo del nivel permitido. Cuando se detecte alguna de estas situaciones, se generarán alertas visuales o mensajes que informen al administrador, facilitando la toma de decisiones y la gestión oportuna de los medicamentos. | H8: Kelly Montalvo | I8: 10 | J8: 46064 | K8: Baja | L8: Terminado | M8: La verificación del requisito se realizará registrando productos en el sistema con fechas de caducidad próximas y niveles de stock inferiores al mínimo establecido. Se comprobará que el sistema muestre correctamente las alertas visuales o mensajes correspondientes para cada caso. También se evaluará que, al actualizar la fecha de caducidad o la cantidad disponible, las alertas se ajusten automáticamente según los nuevos valores. Finalmente, se validará con el administrador que las alertas cumplen con los requerimientos funcionales y permiten gestionar los productos de forma oportuna. | O8: Control de caducidad y alertas de stock bajo
B9: REQ004 | C9: Al cerrar el programa se puede perder el registro de medicinas; no hay persistencia de datos para reportes futuros. | D9: El programa deberá guardar permanentemente las medicinas registradas en una base de datos. | E9: Enlazar el programa con MongoDB para mantener los datos aunque se cierre el sistema, y dejar listo el soporte para reportes a futuro. | F9: Administradores | G9: 1) Crear BD/cluster en MongoDB (Atlas o local). 2) Instalar y configurar conexión (pymongo + variables de entorno). 3) Crear colección “medicinas” (campos y validaciones básicas). 4) Cambiar “Registrar medicina” para que guarde en MongoDB. 5) Cambiar “Buscar/Ver/Listar” para que lea desde MongoDB. 6) Manejo de errores (sin conexión, datos inválidos). 7) Pruebas y respaldo básico (ej. índice por nombre/lote). | H9: César Herrera | I9: 5 | J9: 46027 | K9: Alta | L9: No iniciado | M9: Registrar 2 medicinas → cerrar el programa → abrir de nuevo → verificar que siguen apareciendo. Validar también en MongoDB Compass/Atlas que los documentos existen. | O9: Persistencia de medicinas en MongoDB
B10: REQ005 | C10: No existe un reporte que resuma la información/actividades registradas de las medicinas y el administrador no puede filtrar por fecha. | D10: El programa deberá generar un reporte con todos los datos de la base de datos, filtrable desde una fecha seleccionada. | E10: Obtener un resumen/guía del historial de medicinas (registradas, actualizadas, cambios relevantes) para control y futura toma de decisiones. | F10: Administradores | G10: Para generar el reporte, se agrega una opción “Reporte de medicinas” donde el administrador selecciona en un calendario la fecha “Desde” la cual quiere consultar; al presionar “Generar”, el sistema busca en MongoDB todas las medicinas registradas desde esa fecha en adelante y muestra el resultado en pantalla con un resumen (cantidad de medicinas, stock bajo y próximas a caducar) y una tabla con el detalle completo (nombre, categoría, stock, caducidad, lote, etc.); si no existen registros para ese rango, se presenta el mensaje “No hay registros desde la fecha seleccionada”, y opcionalmente se incluye un botón para descargar el reporte en PDF o Excel. | H10: Matias Intriago | I10: 10 | J10: 46044 | K10: Media | L10: No iniciado | M10: Seleccionar una fecha “desde” → generar reporte → verificar que solo salen registros desde esa fecha. Probar con 3 casos: (1) hay datos, (2) no hay datos, (3) fecha inválida o vacía. Validar que coincide con la consulta en MongoDB (Compass/Atlas). | O10: Reporte de medicinas por rango de fecha
B11: REQ006 | C11: El sistema no mantiene un registro de los cambios realizados en el inventario. No hay forma de saber quién modificó, agregó o eliminó medicinas, ni cuándo ocurrieron estos cambios, lo que dificulta auditorías y seguimiento. | D11: El programa deberá registrar automáticamente todos los movimientos realizados en el inventario (altas, bajas y modificaciones), guardando información detallada de cada acción como fecha, hora, usuario responsable y datos modificados. | E11: Tener un control completo y trazabilidad de todos los cambios realizados en las medicinas del inventario, permitiendo realizar auditorías, detectar errores, y mantener un seguimiento histórico confiable de las operaciones del sistema. | F11: Administradores | G11: Mediante la creación de una colección "historial_movimientos" en MongoDB que almacene cada acción realizada. Cuando se registre una medicina nueva, se guardará un movimiento tipo "ALTA"; cuando se edite, se registrará tipo "MODIFICACIÓN" con los datos anteriores y nuevos; y cuando se elimine, tipo "BAJA". Además, se implementará una interfaz donde el administrador pueda consultar este historial, filtrando por fecha, tipo de acción o medicina específica, mostrando toda la información de manera clara y ordenada. | H11: Kelly Montalvo | I11: 10 | J11: 46044 | K11: Media | L11: No iniciado | M11: Seleccionar una fecha “desde” → generar reporte → verificar que solo salen registros desde esa fecha. Probar con 3 casos: (1) hay datos, (2) no hay datos, (3) fecha inválida o vacía. Validar que coincide con la consulta en MongoDB (Compass/Atlas). | O11: Reporte de medicinas por rango de fecha
M21: .
K31: Alta | L31: No iniciado
K32: Media | L32: En proceso
K33: Baja | L33: Terminado
L34: Atrasado

Sheet Historia de Usuario
B6: HISTORIA DE USUARIO (HU)
C9: ITEM | E9: USUARIO | H9: STATUS
C10: REQ001 | E10: =VLOOKUP(C10,'Formato descripción HU'!B6:O21,5,0) -> Administradores | H10: =VLOOKUP(C10,'Formato descripción HU'!B6:O21,11,0) -> Terminado
C12: TIEMPO | E12: PRIORIDAD | H12: PROG. RESP
C13: =VLOOKUP('Historia de Usuario'!C10,'Formato descripción HU'!B6:O21,8,0) -> 8 | E13: =VLOOKUP(C10,'Formato descripción HU'!B6:O21,10,0) -> Alta | H13: =VLOOKUP(C10,'Formato descripción HU'!B6:O21,7,0) -> César Herrera
C15: QUE | D15: =VLOOKUP(C10,'Formato descripción HU'!B6:O21,3,0) -> El programa deberá implementar un sistema de reconocimiento exclusivo para administradores, con gestión de perfiles que pueda habilitar, crear o desactivar usuarios según los permisos asignados por el administrador en jefe. | G15: PARA QUE | H15: =VLOOKUP(C10,'Formato descripción HU'!B6:O21,4,0) -> Garantizar la seguridad, y control de accesos dentro del sistema de inventario, evitando manipulaciones no autorizadas y mejorando la gestión administrativa por niveles. | L15: COMO | M15: =VLOOKUP(C10,'Formato descripción HU'!B6:O21,6,0) -> Mediante la implementación de un proceso de autenticación que valide las credenciales de los administradores antes de permitir el acceso. Este proceso deberá ofrecer herramientas para que el administrador general pueda registrar nuevos usuarios administrativos, actualizar información de perfiles existentes y deshabilitar aquellos que deban quedar sin acceso. Además, el sistema debe asegurar que todas estas acciones se ejecuten de forma segura y queden registradas para mantener un control confiable del acceso.
C19: NOMBRE HISTORIA | E19: =VLOOKUP(C10,'Formato descripción HU'!B6:O21,14,0) -> Roles administrativos
C22: PRUEBA | E22: =VLOOKUP(C10,'Formato descripción HU'!B6:O21,12,0) -> Verificar que solo administradores con credenciales válidas pueden acceder al sistema. Probar inicio de sesión con usuario y contraseña correctos, incorrectos y con un usuario deshabilitado (debe negar el acceso). Comprobar que el administrador general puede crear, editar y desactivar perfiles, y que dichas acciones quedan registradas en un historial (usuario, fecha, hora y acción). Confirmar que un usuario desactivado no puede volver a acceder ni realizar operaciones en el sistema. | J22: COMENTARIOS | L22: =VLOOKUP(C10,'Formato descripción HU'!B6:O21,13,0) -> 0
A27: c | B27: HISTORIA DE USUARIO (HU)
C30: ITEM | E30: USUARIO | H30: STATUS
C31: REQ002 | E31: =VLOOKUP(C31,'Formato descripción HU'!B7:O47,5,0) -> Administrador | H31: =VLOOKUP(C31,'Formato descripción HU'!B7:O47,11,0) -> Terminado
C33: TIEMPO | E33: PRIORIDAD | H33: PROG. RESP
C34: =VLOOKUP('Historia de Usuario'!C31,'Formato descripción HU'!B7:O47,8,0) -> 6 | E34: =VLOOKUP(C31,'Formato descripción HU'!B7:O47,10,0) -> Media | H34: =VLOOKUP(C31,'Formato descripción HU'!B7:O47,7,0) -> Matias Intriago
C36: QUE | D36: =VLOOKUP(C31,'Formato descripción HU'!B7:O47,3,0) -> El programa deberá organizar los productos mediante categorías claras y filtros de búsqueda avanzados, para facilitar su consulta y administración. | G36: PARA QUE | H36: =VLOOKUP(C31,'Formato descripción HU'!B7:O47,4,0) -> Para mejorar la velocidad, precisión y eficiencia en la gestión y localización de productos dentro del inventario. | L36: COMO | M36: =VLOOKUP(C31,'Formato descripción HU'!B7:O47,6,0) -> A través de un conjunto de funciones que permitan al administrador organizar los productos del inventario, creando y asignando categorías claras, así como modificarlas cuando sea necesario. Estas funciones también permitirán registrar nuevos productos, actualizar los datos de los existentes y aplicar filtros de búsqueda basados en criterios como nombre, categoría, precio, lote o disponibilidad. Todo este proceso facilitará una clasificación más precisa y una localización rápida de los artículos dentro del inventario.
C40: NOMBRE HISTORIA | E40: =VLOOKUP(C31,'Formato descripción HU'!B7:O47,14,0) -> Categorización de productos en el inventario
C43: PRUEBA | E43: =VLOOKUP(C31,'Formato descripción HU'!B7:O47,12,0) -> Para verificar este requisito, se comprobará que el sistema permita insertar, modificar, buscar y eliminar productos en la base de datos de manera correcta. Se evaluará que cada producto quede adecuadamente asociado a una categoría válida y que la organización de los elementos siga los criterios establecidos, como categoría, nombre, precio o stock. Además, se realizarán pruebas de búsqueda y filtrado utilizando diferentes combinaciones de datos, así como pruebas con distintos volúmenes de información para validar el rendimiento del sistema. Finalmente, se confirmará con el administrador que la categorización y los filtros cumplen con los requerimientos funcionales establecidos. | J43: COMENTARIOS | L43: =VLOOKUP(C31,'Formato descripción HU'!B7:O47,13,0) -> 0
B48: HISTORIA DE USUARIO (HU)
C51: ITEM | E51: USUARIO | H51: STATUS
C52: REQ003 | E52: =VLOOKUP(C52,'Formato descripción HU'!B$1:O68,5,0) -> Administradores | H52: =VLOOKUP(C52,'Formato descripción HU'!B$1:O68,11,0) -> Terminado
C54: TIEMPO | E54: PRIORIDAD | H54: PROG. RESP
C55: =VLOOKUP('Historia de Usuario'!C52,'Formato descripción HU'!B$1:O68,8,0) -> 10 | E55: =VLOOKUP(C52,'Formato descripción HU'!B$1:O68,10,0) -> Baja | H55: =VLOOKUP(C52,'Formato descripción HU'!B$1:O68,7,0) -> Kelly Montalvo
C57: QUE | D57: =VLOOKUP(C52,'Formato descripción HU'!B$1:O68,3,0) -> El programa deberá registrar las fechas de caducidad y niveles mínimos de stock para cada medicina, y que le alerte cuando un producto esté por vencer o tenga inventario bajo. | G57: PARA QUE | H57: =VLOOKUP(C52,'Formato descripción HU'!B$1:O68,4,0) -> Para evitar pérdidas por productos vencidos, asegurar la disponibilidad adecuada de medicamentos y mejorar la gestión del inventario. | L57: COMO | M57: =VLOOKUP(C52,'Formato descripción HU'!B$1:O68,6,0) -> Mediante un proceso de registro y seguimiento que permita al administrador ingresar y modificar la fecha de caducidad y el stock mínimo de cada medicina. La aplicación comparará estos datos con la información actual del inventario para identificar productos que estén próximos a vencer (por ejemplo, dentro de 30 días) o que presenten existencias por debajo del nivel permitido. Cuando se detecte alguna de estas situaciones, se generarán alertas visuales o mensajes que informen al administrador, facilitando la toma de decisiones y la gestión oportuna de los medicamentos.
C61: NOMBRE HISTORIA | E61: =VLOOKUP(C52,'Formato descripción HU'!B$1:O68,14,0) -> Control de caducidad y alertas de stock bajo
C64: PRUEBA | E64: =VLOOKUP(C52,'Formato descripción HU'!B$1:O68,12,0) -> La verificación del requisito se realizará registrando productos en el sistema con fechas de caducidad próximas y niveles de stock inferiores al mínimo establecido. Se comprobará que el sistema muestre correctamente las alertas visuales o mensajes correspondientes para cada caso. También se evaluará que, al actualizar la fecha de caducidad o la cantidad disponible, las alertas se ajusten automáticamente según los nuevos valores. Finalmente, se validará con el administrador que las alertas cumplen con los requerimientos funcionales y permiten gestionar los productos de forma oportuna. | J64: COMENTARIOS | L64: =VLOOKUP(C52,'Formato descripción HU'!B$1:O68,13,0) -> 0
